firstname,lastname,email,cohortAllan,Nielsen,alnig441@gmail.com,DeltaBen,Hunt,benhunt29@gmail.com,DeltaGarrett,Lajiness,glajiness@gmail.com,DeltaJacob,Scearcy,jacobscearcy@gmail.com,DeltaJames,McElwain,jmcelwain@gmail.com,DeltaJason,Spidle,jason.spidle@gmail.com,DeltaJason,Nelson,jasonn318@gmail.com,DeltaKate,Stoffregen,kathryn.stoffregen@gmail.com,DeltaKim,Hayden,kimlovescats@gmail.com,DeltaKamie,Kehrwald,kkehrwald@live.com,DeltaKatie,Whelan,klwhelan@gmail.com,DeltaMadeleine,Lowry,mlowry55403@gmail.com,DeltaMartha,Megarry,mega0015@umn.edu,DeltaMatt,Brown,mateojos3@gmail.com,DeltaShawn,Fagerstrom,shawnf1@gmail.com,DeltaVas,Leckas,vas.leckas@gmail.com,DeltaBrendan,Telzrow,telzrowb@gmail.com,Delta